State,Eligible,Late,LateRate
SP,40494,1820,0.044944930113103174
RJ,12350,1495,0.12105263157894737
MG,11354,519,0.04571076272679232
BA,3256,396,0.12162162162162163
RS,5344,325,0.06081586826347305
SC,3546,291,0.08206429780033841
ES,1995,214,0.10726817042606517
PR,4923,199,0.04042250660166565
CE,1279,176,0.1376075058639562
PE,1593,153,0.096045197740113
GO,1957,128,0.06540623403168115
MA,717,125,0.17433751743375175
DF,2080,118,0.05673076923076923
PA,946,106,0.11205073995771671
AL,397,85,0.2141057934508816
MS,701,68,0.09700427960057062
PI,476,66,0.13865546218487396
PB,517,54,0.10444874274661509
MT,886,53,0.05981941309255079
SE,335,51,0.15223880597014924
RN,474,44,0.09282700421940929
TO,274,27,0.09854014598540146
RO,243,7,0.02880658436213992
RR,41,5,0.12195121951219512
AM,145,4,0.027586206896551724
AC,80,3,0.0375
AP,67,2,0.029850746268656716
